Ref,Val,Package,PosX,PosY,Rot,Side
"C1","10uF","C_0603_1608Metric",86.360000,-131.040000,90.000000,top
"C2","0.1uF","C_0603_1608Metric",105.270000,-121.400000,180.000000,top
"C3","0.1uF","C_0603_1608Metric",94.020000,-93.680000,180.000000,top
"C4","0.47uF","YFF18PW0J474MT0H0N",104.010000,-90.730000,0.000000,top
"C5","10uF","C_0603_1608Metric",101.100000,-100.850000,-90.000000,top
"C6","10uF","C_0603_1608Metric",103.920000,-101.970000,180.000000,top
"C7","0.47uF","YFF18PW0J474MT0H0N",103.670000,-99.940000,180.000000,top
"C8","10uF","C_0603_1608Metric",123.900000,-89.990000,180.000000,top
"C9","0.1uF","C_0603_1608Metric",107.240000,-85.756668,180.000000,top
"C10","0.1uF","C_0603_1608Metric",107.240000,-84.030000,180.000000,top
"C11","0.1uF","C_0603_1608Metric",123.910000,-91.700000,180.000000,top
"C12","10uF","C_0603_1608Metric",107.240000,-80.576668,180.000000,top
"C13","10uF","C_0603_1608Metric",107.240000,-82.303334,180.000000,top
"C14","100uF","CP_Elec_6.3x5.9",123.900000,-85.510000,180.000000,top
"D1","BAT46WJ,115","SODFL2512X80N",100.800000,-92.760000,-90.000000,top
"D2","LED","LED_0603_1608Metric",104.680000,-107.502500,90.000000,top
"D3","LED","LED_0603_1608Metric",101.650000,-107.500000,90.000000,top
"D4","LED","LED_0603_1608Metric",116.360000,-67.280000,-90.000000,top
"IC1","SN74LVC2G17DBVR","SOT95P280X145-6N",94.780000,-96.310000,0.000000,top
"IC2","LMG1210RVRT","LMG1210RVRT",104.410000,-95.030000,90.000000,top
"J1","EN/PWM Header","PinHeader_1x04_P2.54mm_Vertical",85.570000,-91.760000,0.000000,top
"J2","Vin_IC","TerminalBlock_Phoenix_MKDS-1,5-2_1x02_P5.00mm_Horizontal",88.790000,-110.350000,-90.000000,top
"J3","Vin_Buck","TerminalBlock_Phoenix_MKDS-1,5-2_1x02_P5.00mm_Horizontal",108.750000,-63.830000,180.000000,top
"J4","Inductor","TerminalBlock_Phoenix_MKDS-1,5-2_1x02_P5.00mm_Horizontal",131.525000,-97.140000,90.000000,top
"J5","Output_Terminal","TerminalBlock_Phoenix_MKDS-1,5-2_1x02_P5.00mm_Horizontal",131.595000,-63.830000,180.000000,top
"J6","RASPI Socket 1","PinSocket_1x20_P2.54mm_Vertical",85.730000,-145.010000,90.000000,top
"J7","RASPI Socket 2","PinSocket_1x20_P2.54mm_Vertical",85.730000,-127.230000,90.000000,top
"JP1","5V_Bypass","PinHeader_1x02_P2.54mm_Vertical",86.295000,-122.640000,90.000000,top
"JP2","EN_Bypass","PinHeader_1x02_P2.54mm_Vertical",93.545000,-91.030000,90.000000,top
"JP3","PWM_Bypass","PinHeader_1x02_P2.54mm_Vertical",93.545000,-99.970000,90.000000,top
"JP4","3v3/5v JP","PinHeader_1x03_P2.54mm_Vertical",85.975000,-104.790000,90.000000,top
"JP5","DLH/5V","PinHeader_1x02_P2.54mm_Vertical",112.970000,-104.560000,0.000000,top
"JP6","Supply-Bypass","PinHeader_1x02_P2.54mm_Vertical",104.865000,-76.310000,90.000000,top
"POT1","1M","Potentiometer_Bourns_3296W_Vertical",112.080000,-111.610000,90.000000,top
"POT2","1M","Potentiometer_Bourns_3296W_Vertical",106.390000,-111.640000,90.000000,top
"Q1","EPC2001C","EPC2001C",113.830000,-92.151000,0.000000,top
"Q2","EPC2001C","EPC2001C",113.840000,-96.480000,0.000000,top
"R1","91K","R_0603_1608Metric",108.365000,-123.300000,180.000000,top
"R2","18K","R_0603_1608Metric",105.245000,-123.310000,180.000000,top
"R3","20K","R_0603_1608Metric",89.630000,-93.990000,-90.000000,top
"R4","20K","R_0603_1608Metric",89.630000,-97.160000,90.000000,top
"R5","0R","R_0603_1608Metric",99.090000,-95.360000,0.000000,top
"R6","0R","R_0603_1608Metric",99.090000,-97.270000,180.000000,top
"R7","1K","R_0603_1608Metric",104.680000,-104.232500,-90.000000,top
"R8","100K","R_0603_1608Metric",102.870000,-104.235000,-90.000000,top
"R9","20K","R_0603_1608Metric",109.290000,-107.580000,-90.000000,top
"R10","20K","R_0603_1608Metric",106.400000,-107.585000,-90.000000,top
"R11","0R","R_0603_1608Metric",108.605000,-92.780000,180.000000,top
"R12","0R","R_0603_1608Metric",108.615000,-96.080000,180.000000,top
"R13","0.01R","R_1206_3216Metric",111.360000,-79.792500,90.000000,top
"R14","0.01R","R_1206_3216Metric",127.170000,-79.580000,90.000000,top
"R15","100K","R_0603_1608Metric",116.370000,-70.610000,90.000000,top
"R16","0.01R","R_1206_3216Metric",121.700000,-97.940000,0.000000,top
"TP1","EN","TestPoint_Loop_D2.60mm_Drill1.6mm_Beaded",96.160000,-86.010000,0.000000,top
"TP2","PWM","TestPoint_Loop_D2.60mm_Drill1.6mm_Beaded",96.160000,-104.390000,0.000000,top
"TP3","HS","TestPoint_Loop_D2.60mm_Drill1.6mm_Beaded",119.320000,-94.420000,0.000000,top
"TP4","GND","TestPoint_Loop_D2.60mm_Drill1.6mm_Beaded",95.850000,-76.340000,0.000000,top
"TP5","HB","TestPoint_Loop_D2.60mm_Drill1.6mm_Beaded",101.940000,-87.500000,0.000000,top
"TP6","V_in","TestPoint_Loop_D2.60mm_Drill1.6mm_Beaded",98.080000,-111.030000,0.000000,top
"TP7","5V","TestPoint_Loop_D2.60mm_Drill1.6mm_Beaded",118.190000,-108.500000,0.000000,top
"TP8","HO","TestPoint_Loop_D2.60mm_Drill1.6mm_Beaded",107.580000,-88.980000,0.000000,top
"TP9","LO","TestPoint_Loop_D2.60mm_Drill1.6mm_Beaded",109.440000,-100.350000,0.000000,top
"TP10","TestPoint_Probe","TestPoint_Loop_D2.60mm_Drill1.6mm_Beaded",116.480000,-76.240000,0.000000,top
"TP11","TestPoint_Probe","TestPoint_Loop_D2.60mm_Drill1.6mm_Beaded",116.480000,-82.470000,0.000000,top
"TP12","TestPoint_Probe","TestPoint_Loop_D2.60mm_Drill1.6mm_Beaded",131.580000,-82.980000,0.000000,top
"TP13","TestPoint_Probe","TestPoint_Loop_D2.60mm_Drill1.6mm_Beaded",131.550000,-76.330000,0.000000,top
"TP14","TestPoint_Probe","TestPoint_Loop_D2.60mm_Drill1.6mm_Beaded",118.400000,-102.230000,0.000000,top
"TP15","TestPoint_Probe","TestPoint_Loop_D2.60mm_Drill1.6mm_Beaded",125.200000,-102.230000,0.000000,top
